{"2": {"adversarial_distance_pgd": [0.2499045729637146, 0.2862556278705597, 0.6923412084579468], "adversarial_distance_second_attack": [0.3634451627731323, 0.2920573353767395, 0.6836093068122864], "clever_score": [0.009262141801942896, 0.040486639686075486, 0.6836093068122864], "indices": [0, 1, 2]}}