{
    "fast_gradient_method": {
        "adversarial_distance": [
            0.3249998986721039,
            2.0249991416931152,
            1.084999680519104,
            0.32999998331069946,
            0.17000000178813934
        ],
        "runtime": [
            0.361722469329834,
            2.3910348415374756,
            1.249772310256958,
            0.421917200088501,
            0.20750713348388672
        ],
        "adversarial_accuracy": 0.0
    },
    "projected_gradient_descent": {
        "adversarial_distance": [
            0.24990490078926086,
            0.6923410296440125,
            0.28625592589378357,
            0.2456471025943756,
            0.11712818592786789
        ],
        "runtime": [
            2.2625045776367188,
            6.439047336578369,
            2.764436721801758,
            2.156317949295044,
            1.0320508480072021
        ],
        "adversarial_accuracy": 0.0
    },
    "newton_fool": {
        "adversarial_distance": [
            0.3489762544631958,
            1.0780715942382812,
            0.5740206241607666,
            0.49133092164993286,
            0.2717397212982178
        ],
        "runtime": [
            0.04767775535583496,
            0.17960715293884277,
            0.08355331420898438,
            0.06981849670410156,
            0.05362129211425781
        ],
        "adversarial_accuracy": 0.0
    },
    "deep_fool": {
        "adversarial_distance": [
            0.4117283225059509,
            1.064486026763916,
            0.590427041053772,
            0.8180206418037415,
            0.37192925810813904
        ],
        "runtime": [
            0.39823412895202637,
            0.32584595680236816,
            0.37409329414367676,
            0.17367267608642578,
            0.19175386428833008
        ],
        "adversarial_accuracy": 0.0
    }
}