{
  "2": {
    "adversarial_distance_pgd": [0.0448899157345295, 1.22400081157684, 1.7114177942276, 0.705408990383148, 0, 1.54373300075531, 1.43593609333038, 1.24188160896301, 0.147391945123672, 0.457168579101563, 1.84174168109894, 0.0049999775364995, 0.592021107673645, 0.0794099494814873, 0, 0.995551228523254, 0.765545666217804, 1.87552082538605, 0.322258681058884, 1.97595191001892, 2.0094165802002, 1.76103961467743, 0.313480705022812, 0.592529058456421, 1.66119623184204, 2.04729747772217, 0.64255028963089, 0.585212707519531, 0.791974604129791, 0.127999991178513, 1.98794293403625, 2.02485513687134, 0, 2.04843306541443, 1.90652966499329, 0, 0.439317315816879, 2.01767563819885, 0.960330903530121, 0, 0.0693124979734421, 0.933739900588989, 0.118755139410496, 2.03088045120239, 0, 0, 1.9412841796875, 0.734658718109131, 1.83798801898956, 1.30004572868347, 0.293791055679321, 0.156701743602753, 0.223449543118477, 0.0398176088929176, 0.710287809371948, 1.95723378658295, 1.54788815975189, 1.01401662826538, 2.20824503898621, 1.93179023265839, 2.16577696800232, 2.03858995437622, 0, 0, 1.36467814445496, 2.02261400222778, 1.85252821445465, 0.666744887828827, 0.631636381149292, 2.18776035308838, 0.388623833656311, 0.809012830257416, 0.620819091796875, 2.10229706764221, 0.0993500649929047, 1.36922323703766, 0, 1.82585287094116, 1.67490887641907, 0, 1.92411828041077, 0.438445627689362, 2.12301564216614, 0.646624863147736, 1.78095531463623, 2.19900059700012, 0.42178612947464, 1.67768287658691, 1.40333008766174, 1.65371119976044, 0.267912358045578, 2.09761953353882, 0.29451909661293, 0.489001363515854, 2.10973310470581, 1.742551445961, 0, 0.645072162151337, 1.97049629688263, 0.66601175069809],
    "adversarial_distance_second_attack": [0.0442721880972385, 1.36534631252289, 0, 0.614817202091217, 0, 0, 1.43207621574402, 1.35898315906525, 0.171989247202873, 0.422884732484818, 0, 0.00412569241598249, 0.606014907360077, 0.0803414806723595, 0, 0.956674456596375, 0.81834352016449, 0, 0.314776331186295, 0, 0, 2.43526959419251, 0.294505208730698, 0.653920710086823, 0, 0, 0.680747389793396, 0.5645432472229, 0.696613371372223, 0.122083924710751, 1.81817805767059, 0, 0, 0, 0, 0, 0.456208467483521, 0, 0.873808920383453, 0, 0.0873268991708756, 1.06485652923584, 0.121682472527027, 1.72457361221313, 0, 0, 0, 0.932700872421265, 0, 0.953767240047455, 0.28166738152504, 0.15012338757515, 0.211756810545921, 0.033952496945858, 0.661746978759766, 0, 2.0220639705658, 0.900801777839661, 3.05710983276367, 2.10501790046692, 0, 2.64937901496887, 0, 0, 0, 1.66935515403748, 0, 0.698856174945831, 0.595406472682953, 0, 0.345661044120789, 0.878504276275635, 0.550711989402771, 0, 0.101329535245895, 1.2234753370285, 0, 2.45157933235168, 0, 0, 1.97358250617981, 0.438693791627884, 0, 0.654941082000732, 2.09283590316772, 0, 0.398758053779602, 0, 1.09167098999023, 0, 0.254216760396957, 0, 0.908208191394806, 0.57144033908844, 0, 0, 0, 0.683175683021545, 0, 0.627435386180878],
    "clever_score": {
      "5-5": [0.116963221586105, 0.592885004250492, 0.302796788593198, 0.402975880721735, null, 0.720842233731807, 0.500005518423681, 0.841434579961925, 0.258774304673584, 0.0665478938094981, 0.873140686435028, 0.0120406153418032, 0.390845864252485, 0.15179198455359, null, 0.665193452845782, 0.0840156956392584, 0.596850137196488, 0.611757710978567, 2.16616033810019, 1.09684203082548, 0.55516705371625, 0.354373201325878, 0.719827331257056, 0.61727529030864, 0.513236541314158, 0.788310713072228, 1.10458183913559, 0.722247583369077, 0.92872683588895, 0.499652466995892, 0.54898763534206, null, 0.625813799652801, 0.375985936246681, null, 0.437534029091163, 0.793942823918586, 0.82937740307849, null, 0.143223386643603, 0.52149994359164, 0.0225818891602801, 0.609385779368773, null, null, 0.204515849605711, 0.696835170873568, 0.527535420721992, 0.852577859567341, 0.314163412255621, 0.196019020652618, 0.411923292833663, 0.15578269497584, 1.35154897378217, 0.787273408325459, 1.01236438054632, 0.0203285720114109, 1.66052038441428, 0.635134249241983, 2.06128148734167, 2.02857363266097, null, null, 0.650042994056743, 1.08638591346884, 0.857356644455603, 0.671548611931272, 0.801826958225602, 0.502811466875987, 0.635050157186649, 0.519643300616203, 0.174575857167803, 1.0081982243702, 0.181996032573977, 0.524535853557324, null, 0.425613467941242, 0.732469564646885, null, 1.33273145370374, 0.249932216560289, 1.68845762108601, 0.604535918520826, 1.07747402169729, 0.0481104489968738, 0.505145056702593, 1.68030962532783, 0.428269895277891, 0.314103379559097, 0.49112056169005, 0.603880408304831, 0.329627319705877, 0.232130968304395, 1.10219794261835, 0.70517299836918, null, 0.236253289112222, 0.345434966249873, 0.0134842369356149]
    },
    "indices": [0, 1, 2, 3, 4, 5, 6, 7, 8, 9, 10, 11, 12, 13, 14, 15, 16, 17, 18, 19, 20, 21, 22, 23, 24, 25, 26, 27, 28, 29, 30, 31, 32, 33, 34, 35, 36, 37, 38, 39, 40, 41, 42, 43, 44, 45, 46, 47, 48, 49, 50, 51, 52, 53, 54, 55, 56, 57, 58, 59, 60, 61, 62, 63, 64, 65, 66, 67, 68, 69, 70, 71, 72, 73, 74, 75, 76, 77, 78, 79, 80, 81, 82, 83, 84, 85, 86, 87, 88, 89, 90, 91, 92, 93, 94, 95, 96, 97, 98, 99],
    "iterations_pgd": [8, 279, 499, 151, 0, 499, 322, 272, 29, 96, 499, 0, 143, 15, 0, 236, 195, 499, 66, 499, 499, 459, 64, 122, 384, 499, 135, 120, 175, 25, 499, 499, 0, 499, 499, 0, 94, 499, 209, 0, 13, 198, 23, 499, 0, 0, 499, 162, 499, 299, 59, 31, 46, 7, 160, 499, 458, 229, 499, 499, 499, 499, 0, 0, 390, 499, 499, 140, 146, 499, 81, 171, 131, 499, 19, 298, 0, 433, 499, 0, 462, 91, 499, 134, 499, 499, 90, 499, 360, 418, 54, 499, 60, 107, 499, 499, 0, 140, 499, 142],
    "max_adversarial_distance": 11.5688343048096
  }
}
