{"2": {"adversarial_distance_pgd": [0.04488988593220711, 1.224031686782837, 1.7146804332733154, 0.7053892016410828, 0.0, 1.5412729978561401, 1.4359327554702759, 1.2420226335525513, 0.1473919302225113, 0.4571760892868042, 1.8370541334152222, 0.0049999775364995, 0.5921903252601624, 0.07940994948148727, 0.0, 0.9955501556396484, 0.7654559016227722, 1.8752892017364502, 0.32225868105888367, 1.9759715795516968, 2.0090105533599854, 1.7610405683517456, 0.3134806156158447, 0.5925292372703552, 1.6612203121185303, 2.0473647117614746, 0.6425211429595947, 0.585212767124176, 0.7919922471046448, 0.12799997627735138, 1.988061785697937, 2.024960517883301, 0.0, 2.04819393157959, 1.9066765308380127, 0.0, 0.4393177628517151, 2.018017530441284, 0.9603309631347656, 0.0, 0.06931249797344208, 0.9337285757064819, 0.11875520646572113, 2.0307912826538086, 0.0, 0.0, 1.941370964050293, 0.7347504496574402, 1.8380343914031982, 1.300135850906372, 0.29379141330718994, 0.1567017287015915, 0.22344961762428284, 0.03981760889291763, 0.710259735584259, 1.9571765661239624, 1.5484302043914795, 1.0140180587768555, 2.208238124847412, 1.9318151473999023, 2.165792942047119, 2.038748264312744, 0.0, 0.0, 1.365828037261963, 2.0214622020721436, 1.8528690338134766, 0.6667475700378418, 0.6316224932670593, 2.1877613067626953, 0.38862383365631104, 0.8090075254440308, 0.6208159923553467, 2.102297067642212, 0.09935008734464645, 1.3691986799240112, 0.0, 1.8257346153259277, 1.6741232872009277, 0.0, 1.9240831136703491, 0.4384455382823944, 2.122962236404419, 0.6466248035430908, 1.781203031539917, 2.199000358581543, 0.4217863380908966, 1.6778639554977417, 1.405432939529419, 1.6543017625808716, 0.2679123282432556, 2.0978126525878906, 0.29451820254325867, 0.48900556564331055, 2.1097917556762695, 1.742018699645996, 0.0, 0.6450721025466919, 1.9703483581542969, 0.6660118103027344], "adversarial_distance_second_attack": [0.04427218809723854, 1.3653463125228882, 0.0, 0.6148174405097961, 0.0, 0.0, 1.4320762157440186, 1.358983039855957, 0.17198923230171204, 0.4228847324848175, 0.0, 0.004125692415982485, 0.6060149669647217, 0.08034145832061768, 0.0, 0.9566744565963745, 0.8183434009552002, 0.0, 0.31477633118629456, 0.0, 0.0, 2.435269594192505, 0.2945045828819275, 0.6539206504821777, 0.0, 0.0, 0.680747389793396, 0.5645432472229004, 0.6965579390525818, 0.12207148224115372, 1.8181780576705933, 0.0, 0.0, 0.0, 0.0, 0.0, 0.4562084674835205, 0.0, 0.8738089203834534, 0.0, 0.08732689172029495, 1.0648565292358398, 0.12168247252702713, 1.865356683731079, 0.0, 0.0, 0.0, 0.9327009320259094, 0.0, 0.9537672400474548, 0.2816637456417084, 0.15012340247631073, 0.21175682544708252, 0.033952496945858, 0.6617470383644104, 0.0, 2.022063970565796, 0.9035238027572632, 3.0335195064544678, 2.105017900466919, 0.0, 2.649379014968872, 0.0, 0.0, 0.0, 1.6692910194396973, 0.0, 0.6988561153411865, 0.5954064130783081, 0.0, 0.3456602394580841, 0.8785043358802795, 0.550711989402771, 0.0, 0.10132954269647598, 1.2234753370285034, 0.0, 2.4515793323516846, 0.0, 0.0, 1.9735277891159058, 0.4386937618255615, 0.0, 0.6549410223960876, 2.0884768962860107, 0.0, 0.39875805377960205, 0.0, 1.0895586013793945, 0.0, 0.2542167901992798, 0.0, 0.9082081913948059, 0.5714402794837952, 0.0, 0.0, 0.0, 0.6831756234169006, 0.0, 0.6274353861808777], "clever_score": {"5-5": [0.0770330740847493, 0.5122036524582658, 0.2830963387561628, 0.3953714813081297, 0.2467835976614111, 0.7115626890834068, 0.594112712022199, 0.9190631621286712, 0.31994673350543057, 0.09686960363812838, 0.752784883845131, 0.020152239442944343, 0.35715126181859586, 0.14789722912041253, 0.20865983150594578, 0.5080464180459566, 0.07198563547811285, 0.7416384351584202, 0.6506110122621235, 2.2730810433325606, 0.012696011616572215, 0.5869707536889884, 0.36871204960196274, 0.9772902182992801, 0.5169423256879665, 0.8802814741576218, 1.0827007823733077, 1.9839260291951153, 0.016140321465599, 0.3392505502049944, 0.4547508597268338, 0.5291376566667713, 0.5384954945844143, 0.533407782410544, 0.26711123917673313, 0.09918525183896207, 0.37626695040413827, 0.6599825119015336, 0.9320224032638527, 0.0791512461485754, 0.2193429341097596, 0.4650540185054788, 0.026618187784951407, 0.6606012771647808, 0.05714488989586066, 0.09017879029669051, 0.24860922829091994, 0.6367691983040749, 0.6619679512396439, 0.9382186175062305, 0.3250144719466297, 0.1630712456838267, 0.2569723726190241, 0.14067209255277952, 1.686399929079439, 0.6998101203041972, 0.9354648003292839, 0.6845575372284668, 1.7033933326454307, 0.6541093427518015, 1.8926713597126303, 2.3848482867530225, 0.5220571042026692, 0.4065518943103187, 0.8129964753119044, 0.7219587829005881, 0.8715992391714287, 0.6923733294444108, 0.8757195988620856, 0.5163794188347637, 0.3741107476807082, 0.5574884872097638, 0.1623285527041969, 1.0068659534956288, 0.11297707719943913, 0.4912078812724753, 0.184493472083719, 0.004738027723969576, 0.44542716782186104, 0.09307055596258242, 1.6224586059621278, 0.32949469771435946, 1.6912633351694806, 0.41603012072526474, 0.9267062824017203, 2.09759387175019, 0.3780125607171231, 1.3752045076157038, 0.5027616632314755, 0.26697983935769154, 0.8302585717462314, 0.6722621521867721, 0.344978099430749, 0.280292734504665, 1.0304534700887076, 0.7778513151736647, 0.004377327873899891, 0.24571101174767482, 0.27453375436980765, 0.5257250653321218]}, "indices": [0, 1, 2, 3, 4, 5, 6, 7, 8, 9, 10, 11, 12, 13, 14, 15, 16, 17, 18, 19, 20, 21, 22, 23, 24, 25, 26, 27, 28, 29, 30, 31, 32, 33, 34, 35, 36, 37, 38, 39, 40, 41, 42, 43, 44, 45, 46, 47, 48, 49, 50, 51, 52, 53, 54, 55, 56, 57, 58, 59, 60, 61, 62, 63, 64, 65, 66, 67, 68, 69, 70, 71, 72, 73, 74, 75, 76, 77, 78, 79, 80, 81, 82, 83, 84, 85, 86, 87, 88, 89, 90, 91, 92, 93, 94, 95, 96, 97, 98, 99], "iterations_pgd": [8, 279, 499, 151, 0, 499, 322, 272, 29, 96, 499, 0, 143, 15, 0, 236, 195, 499, 66, 499, 499, 459, 64, 122, 384, 499, 135, 120, 175, 25, 499, 499, 0, 499, 499, 0, 94, 499, 209, 0, 13, 198, 23, 499, 0, 0, 499, 162, 499, 299, 59, 31, 46, 7, 160, 499, 458, 229, 499, 499, 499, 499, 0, 0, 390, 499, 499, 140, 146, 499, 81, 171, 131, 499, 19, 298, 0, 433, 499, 0, 462, 91, 499, 134, 499, 499, 90, 499, 361, 418, 54, 499, 60, 107, 499, 499, 0, 140, 499, 142]}}