{"2": {"adversarial_distance_pgd": [0.0448899120092392, 1.2240091562271118, 1.7112106084823608, 0.7054001092910767, 0.0, 1.5433443784713745, 1.4359267950057983, 1.241979956626892, 0.14739209413528442, 0.45717599987983704, 1.840062141418457, 0.0049999775364995, 0.5921322107315063, 0.07940993458032608, 0.0, 0.9955379962921143, 0.7655436992645264, 1.8754351139068604, 0.32225871086120605, 1.9761905670166016], "adversarial_distance_second_attack": [0.04427218809723854, 1.3653461933135986, 0.0, 0.6148174405097961, 0.0, 0.0, 1.432076334953308, 1.3589831590652466, 0.17198923230171204, 0.4228847324848175, 0.0, 0.004125692415982485, 0.6060149073600769, 0.08034147322177887, 0.0, 0.9566744565963745, 0.8183433413505554, 0.0, 0.31477633118629456, 0.0], "clever_score": {"5-5": [0.09803318703522626, 0.5323827058210556, 0.28876563601261945, 0.3517187721578898, 0.005144961292745708, 0.8460502780096767, 0.5456809127806423, 0.9809745436768004, 0.27956147470864384, 0.06831120763383404, 0.7322774461555004, 0.01841257415898194, 0.36263095855873073, 0.1619393169260296, 0.2204167511348187, 0.5744736949131685, 0.07565334449665208, 0.8869412515119606, 0.6144660439169153, 1.9467818687732277]}, "indices": [0, 1, 2, 3, 4, 5, 6, 7, 8, 9, 10, 11, 12, 13, 14, 15, 16, 17, 18, 19], "iterations_pgd": [8, 279, 499, 151, 0, 499, 322, 272, 29, 96, 499, 0, 143, 15, 0, 236, 195, 499, 66, 499], "max_adversarial_distance": 11.56883430480957}}